{"cameraMode":{"drawMode":0,"name":"Shaded","section":"Shading Mode"},"sceneLighting":false,"audioPlay":false,"sceneViewState":{"showFog":true,"showMaterialUpdate":false,"showSkybox":false,"showFlares":true,"showImageEffects":true,"showParticleSystems":true},"in2DMode":false,"pivot":{"x":5.960464477539063e-8,"y":0.27498501539230349,"z":-1.1920928955078126e-7},"rotation":{"x":-0.09471707046031952,"y":0.8688182830810547,"z":-0.18274079263210298,"w":-0.4503297507762909},"size":0.9437229037284851,"orthographic":false}