{"cameraMode":{"drawMode":0,"name":"Shaded","section":"Shading Mode"},"sceneLighting":false,"audioPlay":false,"sceneViewState":{"showFog":true,"showMaterialUpdate":false,"showSkybox":false,"showFlares":true,"showImageEffects":true,"showParticleSystems":true},"in2DMode":false,"pivot":{"x":-29.489845275878908,"y":2.882702589035034,"z":-16.9537410736084},"rotation":{"x":-0.005393007304519415,"y":0.9946070313453674,"z":-0.07354523986577988,"w":-0.0729346051812172},"size":8.729679107666016,"orthographic":false}