{"cameraMode":{"drawMode":0,"name":"Shaded","section":"Shading Mode"},"sceneLighting":true,"audioPlay":false,"sceneViewState":{"showFog":true,"showMaterialUpdate":false,"showSkybox":true,"showFlares":true,"showImageEffects":true,"showParticleSystems":true},"in2DMode":false,"pivot":{"x":3.2069506645202638,"y":-0.8165040016174316,"z":2.553675651550293},"rotation":{"x":0.28033551573753359,"y":0.6362582445144653,"z":-0.267347514629364,"w":0.6671692728996277},"size":4.279083251953125,"orthographic":false}