{"cameraMode":{"drawMode":0,"name":"Shaded","section":"Shading Mode"},"sceneLighting":true,"audioPlay":false,"sceneViewState":{"showFog":true,"showMaterialUpdate":false,"showSkybox":false,"showFlares":true,"showImageEffects":true,"showParticleSystems":true},"in2DMode":false,"pivot":{"x":17.664548873901368,"y":-0.32099997997283938,"z":-47.31101608276367},"rotation":{"x":-0.002983755897730589,"y":-0.9651347398757935,"z":0.011012455448508263,"w":-0.2615151107311249},"size":1.3048479557037354,"orthographic":false}