{"cameraMode":{"drawMode":0,"name":"Shaded","section":"Shading Mode"},"sceneLighting":true,"audioPlay":false,"sceneViewState":{"showFog":true,"showMaterialUpdate":false,"showSkybox":false,"showFlares":true,"showImageEffects":true,"showParticleSystems":true},"in2DMode":false,"pivot":{"x":0.23857443034648896,"y":0.019725125283002855,"z":-0.4603256583213806},"rotation":{"x":-0.0015378702664747835,"y":-0.9967867732048035,"z":0.07761653512716294,"w":-0.019747696816921235},"size":4.262176513671875,"orthographic":false}