{"cameraMode":{"drawMode":0,"name":"Shaded","section":"Shading Mode"},"sceneLighting":false,"audioPlay":false,"sceneViewState":{"showFog":true,"showMaterialUpdate":false,"showSkybox":false,"showFlares":true,"showImageEffects":true,"showParticleSystems":true},"in2DMode":false,"pivot":{"x":-1.4903769493103028,"y":-0.8764711618423462,"z":-4.498138427734375},"rotation":{"x":0.023498348891735078,"y":-0.97650545835495,"z":0.15149182081222535,"w":0.15147317945957185},"size":3.4732048511505129,"orthographic":false}