{"cameraMode":{"drawMode":0,"name":"Shaded","section":"Shading Mode"},"sceneLighting":true,"audioPlay":false,"sceneViewState":{"showFog":true,"showMaterialUpdate":false,"showSkybox":false,"showFlares":true,"showImageEffects":true,"showParticleSystems":true},"in2DMode":false,"pivot":{"x":6.118910789489746,"y":5.383548736572266,"z":-3.7183713912963869},"rotation":{"x":-0.40542376041412356,"y":-0.5802978277206421,"z":0.4081006944179535,"w":-0.5764936208724976},"size":21.237720489501954,"orthographic":false}