{"cameraMode":{"drawMode":0,"name":"Shaded","section":"Shading Mode"},"sceneLighting":false,"audioPlay":false,"sceneViewState":{"showFog":true,"showMaterialUpdate":false,"showSkybox":false,"showFlares":true,"showImageEffects":true,"showParticleSystems":true},"in2DMode":false,"pivot":{"x":-57.90599060058594,"y":1.529348611831665,"z":-0.2884290814399719},"rotation":{"x":0.0028631798923015596,"y":-0.9944389462471008,"z":0.028060559183359147,"w":0.10147573798894882},"size":2.2859737873077394,"orthographic":false}