{"cameraMode":{"drawMode":0,"name":"Shaded","section":"Shading Mode"},"sceneLighting":true,"audioPlay":false,"sceneViewState":{"showFog":true,"showMaterialUpdate":false,"showSkybox":false,"showFlares":true,"showImageEffects":true,"showParticleSystems":true},"in2DMode":false,"pivot":{"x":-1.5510129928588868,"y":0.6922167539596558,"z":0.9756980538368225},"rotation":{"x":0.10360629856586456,"y":0.6442357301712036,"z":-0.08869130909442902,"w":0.7525695562362671},"size":3.0621767044067385,"orthographic":false}