{"cameraMode":{"drawMode":0,"name":"Shaded","section":"Shading Mode"},"sceneLighting":true,"audioPlay":false,"sceneViewState":{"showFog":true,"showMaterialUpdate":false,"showSkybox":false,"showFlares":true,"showImageEffects":true,"showParticleSystems":true},"in2DMode":false,"pivot":{"x":0.013500243425369263,"y":1.8000001907348633,"z":0.22300004959106446},"rotation":{"x":-0.20180590450763703,"y":-0.7899634838104248,"z":0.34035059809684756,"w":-0.46839696168899538},"size":1.2726104259490967,"orthographic":false}