{"cameraMode":{"drawMode":0,"name":"Shaded","section":"Shading Mode"},"sceneLighting":true,"audioPlay":false,"sceneViewState":{"showFog":true,"showMaterialUpdate":false,"showSkybox":true,"showFlares":true,"showImageEffects":true,"showParticleSystems":true},"in2DMode":false,"pivot":{"x":38.89251708984375,"y":-22.338464736938478,"z":23.985450744628908},"rotation":{"x":0.04287911579012871,"y":0.8575645089149475,"z":-0.5074388980865479,"w":0.07246498018503189},"size":31.009136199951173,"orthographic":false}